<?xml version="1.0" encoding="ISO-8859-1" ?>
<link_info>
   <banner>TI ARM Linker PC v20.2.7.LTS</banner>
   <copyright>Copyright (c) 1996-2018 Texas Instruments Incorporated</copyright>
   <link_time>0x655c7169</link_time>
   <link_errors>0x0</link_errors>
   <output_file>syproject.out</output_file>
   <entry_point>
      <name>_c_int00_noargs</name>
      <address>0x5cd</address>
   </entry_point>
   <input_file_list>
      <input_file id="fl-2">
         <path>.\</path>
         <kind>object</kind>
         <file>main.obj</file>
         <name>main.obj</name>
      </input_file>
      <input_file id="fl-3">
         <path>.\</path>
         <kind>object</kind>
         <file>tm4c123gh6pm_startup_ccs.obj</file>
         <name>tm4c123gh6pm_startup_ccs.obj</name>
      </input_file>
      <input_file id="fl-7">
         <kind>object</kind>
         <file>&lt;internal&gt;</file>
         <name>&lt;internal&gt;</name>
      </input_file>
      <input_file id="fl-bd">
         <path>C:\ti\ccs1240\ccs\tools\compiler\ti-cgt-arm_20.2.7.LTS\lib\</path>
         <kind>archive</kind>
         <file>rtsv7M4_T_le_v4SPD16_eabi.lib</file>
         <name>copy_zero_init.c.obj</name>
      </input_file>
      <input_file id="fl-be">
         <path>C:\ti\ccs1240\ccs\tools\compiler\ti-cgt-arm_20.2.7.LTS\lib\</path>
         <kind>archive</kind>
         <file>rtsv7M4_T_le_v4SPD16_eabi.lib</file>
         <name>copy_decompress_none.c.obj</name>
      </input_file>
      <input_file id="fl-bf">
         <path>C:\ti\ccs1240\ccs\tools\compiler\ti-cgt-arm_20.2.7.LTS\lib\</path>
         <kind>archive</kind>
         <file>rtsv7M4_T_le_v4SPD16_eabi.lib</file>
         <name>copy_decompress_lzss.c.obj</name>
      </input_file>
      <input_file id="fl-c0">
         <path>C:\ti\ccs1240\ccs\tools\compiler\ti-cgt-arm_20.2.7.LTS\lib\</path>
         <kind>archive</kind>
         <file>rtsv7M4_T_le_v4SPD16_eabi.lib</file>
         <name>boot_cortex_m.c.obj</name>
      </input_file>
      <input_file id="fl-c1">
         <path>C:\ti\ccs1240\ccs\tools\compiler\ti-cgt-arm_20.2.7.LTS\lib\</path>
         <kind>archive</kind>
         <file>rtsv7M4_T_le_v4SPD16_eabi.lib</file>
         <name>memcpy_t2.asm.obj</name>
      </input_file>
      <input_file id="fl-c2">
         <path>C:\ti\ccs1240\ccs\tools\compiler\ti-cgt-arm_20.2.7.LTS\lib\</path>
         <kind>archive</kind>
         <file>rtsv7M4_T_le_v4SPD16_eabi.lib</file>
         <name>memset_t2.asm.obj</name>
      </input_file>
      <input_file id="fl-c3">
         <path>C:\ti\ccs1240\ccs\tools\compiler\ti-cgt-arm_20.2.7.LTS\lib\</path>
         <kind>archive</kind>
         <file>rtsv7M4_T_le_v4SPD16_eabi.lib</file>
         <name>autoinit.c.obj</name>
      </input_file>
      <input_file id="fl-c4">
         <path>C:\ti\ccs1240\ccs\tools\compiler\ti-cgt-arm_20.2.7.LTS\lib\</path>
         <kind>archive</kind>
         <file>rtsv7M4_T_le_v4SPD16_eabi.lib</file>
         <name>pre_init.c.obj</name>
      </input_file>
      <input_file id="fl-c5">
         <path>C:\ti\ccs1240\ccs\tools\compiler\ti-cgt-arm_20.2.7.LTS\lib\</path>
         <kind>archive</kind>
         <file>rtsv7M4_T_le_v4SPD16_eabi.lib</file>
         <name>cpy_tbl.c.obj</name>
      </input_file>
      <input_file id="fl-c6">
         <path>C:\ti\ccs1240\ccs\tools\compiler\ti-cgt-arm_20.2.7.LTS\lib\</path>
         <kind>archive</kind>
         <file>rtsv7M4_T_le_v4SPD16_eabi.lib</file>
         <name>exit.c.obj</name>
      </input_file>
      <input_file id="fl-c7">
         <path>C:\ti\ccs1240\ccs\tools\compiler\ti-cgt-arm_20.2.7.LTS\lib\</path>
         <kind>archive</kind>
         <file>rtsv7M4_T_le_v4SPD16_eabi.lib</file>
         <name>_lock.c.obj</name>
      </input_file>
      <input_file id="fl-c8">
         <path>C:\ti\ccs1240\ccs\tools\compiler\ti-cgt-arm_20.2.7.LTS\lib\</path>
         <kind>archive</kind>
         <file>rtsv7M4_T_le_v4SPD16_eabi.lib</file>
         <name>args_main.c.obj</name>
      </input_file>
   </input_file_list>
   <object_component_list>
      <object_component id="oc-12">
         <name>.intvecs</name>
         <load_address>0x0</load_address>
         <run_address>0x0</run_address>
         <size>0x26c</size>
         <input_file_ref idref="fl-3"/>
      </object_component>
      <object_component id="oc-2d">
         <name>.text</name>
         <load_address>0x26c</load_address>
         <run_address>0x26c</run_address>
         <size>0x218</size>
         <input_file_ref idref="fl-2"/>
      </object_component>
      <object_component id="oc-41">
         <name>.text</name>
         <load_address>0x484</load_address>
         <run_address>0x484</run_address>
         <size>0x9c</size>
         <input_file_ref idref="fl-c1"/>
      </object_component>
      <object_component id="oc-15">
         <name>.text:decompress:lzss:__TI_decompress_lzss</name>
         <load_address>0x520</load_address>
         <run_address>0x520</run_address>
         <size>0x68</size>
         <input_file_ref idref="fl-bf"/>
      </object_component>
      <object_component id="oc-d5">
         <name>.text:__TI_auto_init_nobinit_nopinit:__TI_auto_init_nobinit_nopinit</name>
         <load_address>0x588</load_address>
         <run_address>0x588</run_address>
         <size>0x44</size>
         <input_file_ref idref="fl-c3"/>
      </object_component>
      <object_component id="oc-5f">
         <name>.text:_c_int00_noargs:_c_int00_noargs</name>
         <load_address>0x5cc</load_address>
         <run_address>0x5cc</run_address>
         <size>0x34</size>
         <input_file_ref idref="fl-c0"/>
      </object_component>
      <object_component id="oc-1b">
         <name>.text:decompress:none:__TI_decompress_none</name>
         <load_address>0x600</load_address>
         <run_address>0x600</run_address>
         <size>0xe</size>
         <input_file_ref idref="fl-be"/>
      </object_component>
      <object_component id="oc-27">
         <name>.text</name>
         <load_address>0x60e</load_address>
         <run_address>0x60e</run_address>
         <size>0xc</size>
         <input_file_ref idref="fl-3"/>
      </object_component>
      <object_component id="oc-9f">
         <name>.text:_system_pre_init</name>
         <load_address>0x61a</load_address>
         <run_address>0x61a</run_address>
         <size>0x4</size>
         <input_file_ref idref="fl-c4"/>
      </object_component>
      <object_component id="oc-c9">
         <name>.text:abort:abort</name>
         <load_address>0x61e</load_address>
         <run_address>0x61e</run_address>
         <size>0x4</size>
         <input_file_ref idref="fl-c6"/>
      </object_component>
      <object_component id="oc-184">
         <name>.cinit..data.load</name>
         <load_address>0x628</load_address>
         <run_address>0x628</run_address>
         <size>0x11</size>
      </object_component>
      <object_component id="oc-182">
         <name>__TI_handler_table</name>
         <load_address>0x63c</load_address>
         <run_address>0x63c</run_address>
         <size>0x8</size>
      </object_component>
      <object_component id="oc-183">
         <name>__TI_cinit_table</name>
         <load_address>0x644</load_address>
         <run_address>0x644</run_address>
         <size>0x8</size>
      </object_component>
      <object_component id="oc-74">
         <name>.data</name>
         <load_address>0x20000200</load_address>
         <run_address>0x20000200</run_address>
         <size>0x18</size>
         <input_file_ref idref="fl-2"/>
      </object_component>
      <object_component id="oc-24">
         <name>.stack</name>
         <uninitialized>true</uninitialized>
         <run_address>0x20000000</run_address>
         <size>0x4</size>
         <input_file_ref idref="fl-c0"/>
      </object_component>
      <object_component id="oc-186">
         <name>.stack</name>
         <uninitialized>true</uninitialized>
         <run_address>0x20000000</run_address>
         <size>0x0</size>
      </object_component>
      <object_component id="oc-b3">
         <name>.debug_info</name>
         <load_address>0x0</load_address>
         <run_address>0x0</run_address>
         <size>0x260</size>
         <input_file_ref idref="fl-2"/>
      </object_component>
      <object_component id="oc-75">
         <name>.debug_info</name>
         <load_address>0x260</load_address>
         <run_address>0x260</run_address>
         <size>0x174</size>
         <input_file_ref idref="fl-2"/>
      </object_component>
      <object_component id="oc-2f">
         <name>.debug_info</name>
         <load_address>0x3d4</load_address>
         <run_address>0x3d4</run_address>
         <size>0x355</size>
         <input_file_ref idref="fl-2"/>
      </object_component>
      <object_component id="oc-7a">
         <name>.debug_info</name>
         <load_address>0x729</load_address>
         <run_address>0x729</run_address>
         <size>0x26b</size>
         <input_file_ref idref="fl-2"/>
      </object_component>
      <object_component id="oc-3c">
         <name>.debug_info</name>
         <load_address>0x994</load_address>
         <run_address>0x994</run_address>
         <size>0x84</size>
         <input_file_ref idref="fl-2"/>
      </object_component>
      <object_component id="oc-b4">
         <name>.debug_info</name>
         <load_address>0xa18</load_address>
         <run_address>0xa18</run_address>
         <size>0x2a4</size>
         <input_file_ref idref="fl-2"/>
      </object_component>
      <object_component id="oc-7f">
         <name>.debug_info</name>
         <load_address>0xcbc</load_address>
         <run_address>0xcbc</run_address>
         <size>0xbb</size>
         <input_file_ref idref="fl-2"/>
      </object_component>
      <object_component id="oc-35">
         <name>.debug_info</name>
         <load_address>0xd77</load_address>
         <run_address>0xd77</run_address>
         <size>0x2ea</size>
         <input_file_ref idref="fl-3"/>
      </object_component>
      <object_component id="oc-13">
         <name>.debug_info</name>
         <load_address>0x1061</load_address>
         <run_address>0x1061</run_address>
         <size>0xe1</size>
         <input_file_ref idref="fl-3"/>
      </object_component>
      <object_component id="oc-28">
         <name>.debug_info</name>
         <load_address>0x1142</load_address>
         <run_address>0x1142</run_address>
         <size>0x25d</size>
         <input_file_ref idref="fl-3"/>
      </object_component>
      <object_component id="oc-4c">
         <name>.debug_info</name>
         <load_address>0x139f</load_address>
         <run_address>0x139f</run_address>
         <size>0x2a8</size>
         <input_file_ref idref="fl-be"/>
      </object_component>
      <object_component id="oc-1d">
         <name>.debug_info</name>
         <load_address>0x1647</load_address>
         <run_address>0x1647</run_address>
         <size>0x1ea</size>
         <input_file_ref idref="fl-be"/>
      </object_component>
      <object_component id="oc-47">
         <name>.debug_info</name>
         <load_address>0x1831</load_address>
         <run_address>0x1831</run_address>
         <size>0x46</size>
         <input_file_ref idref="fl-be"/>
      </object_component>
      <object_component id="oc-8b">
         <name>.debug_info</name>
         <load_address>0x1877</load_address>
         <run_address>0x1877</run_address>
         <size>0x2c</size>
         <input_file_ref idref="fl-be"/>
      </object_component>
      <object_component id="oc-89">
         <name>.debug_info</name>
         <load_address>0x18a3</load_address>
         <run_address>0x18a3</run_address>
         <size>0x29e</size>
         <input_file_ref idref="fl-bf"/>
      </object_component>
      <object_component id="oc-16">
         <name>.debug_info</name>
         <load_address>0x1b41</load_address>
         <run_address>0x1b41</run_address>
         <size>0x250</size>
         <input_file_ref idref="fl-bf"/>
      </object_component>
      <object_component id="oc-37">
         <name>.debug_info</name>
         <load_address>0x1d91</load_address>
         <run_address>0x1d91</run_address>
         <size>0x60</size>
         <input_file_ref idref="fl-bf"/>
      </object_component>
      <object_component id="oc-b9">
         <name>.debug_info</name>
         <load_address>0x1df1</load_address>
         <run_address>0x1df1</run_address>
         <size>0x46</size>
         <input_file_ref idref="fl-bf"/>
      </object_component>
      <object_component id="oc-84">
         <name>.debug_info</name>
         <load_address>0x1e37</load_address>
         <run_address>0x1e37</run_address>
         <size>0x39</size>
         <input_file_ref idref="fl-bf"/>
      </object_component>
      <object_component id="oc-25">
         <name>.debug_info</name>
         <load_address>0x1e70</load_address>
         <run_address>0x1e70</run_address>
         <size>0x10b</size>
         <input_file_ref idref="fl-c0"/>
      </object_component>
      <object_component id="oc-60">
         <name>.debug_info</name>
         <load_address>0x1f7b</load_address>
         <run_address>0x1f7b</run_address>
         <size>0x1a9</size>
         <input_file_ref idref="fl-c0"/>
      </object_component>
      <object_component id="oc-44">
         <name>.debug_info</name>
         <load_address>0x2124</load_address>
         <run_address>0x2124</run_address>
         <size>0x119</size>
         <input_file_ref idref="fl-c1"/>
      </object_component>
      <object_component id="oc-114">
         <name>.debug_info</name>
         <load_address>0x223d</load_address>
         <run_address>0x223d</run_address>
         <size>0x4b3</size>
         <input_file_ref idref="fl-c3"/>
      </object_component>
      <object_component id="oc-d6">
         <name>.debug_info</name>
         <load_address>0x26f0</load_address>
         <run_address>0x26f0</run_address>
         <size>0x1a6</size>
         <input_file_ref idref="fl-c3"/>
      </object_component>
      <object_component id="oc-139">
         <name>.debug_info</name>
         <load_address>0x2896</load_address>
         <run_address>0x2896</run_address>
         <size>0x39</size>
         <input_file_ref idref="fl-c3"/>
      </object_component>
      <object_component id="oc-14d">
         <name>.debug_info</name>
         <load_address>0x28cf</load_address>
         <run_address>0x28cf</run_address>
         <size>0x39</size>
         <input_file_ref idref="fl-c3"/>
      </object_component>
      <object_component id="oc-13e">
         <name>.debug_info</name>
         <load_address>0x2908</load_address>
         <run_address>0x2908</run_address>
         <size>0x39</size>
         <input_file_ref idref="fl-c3"/>
      </object_component>
      <object_component id="oc-143">
         <name>.debug_info</name>
         <load_address>0x2941</load_address>
         <run_address>0x2941</run_address>
         <size>0xcd</size>
         <input_file_ref idref="fl-c3"/>
      </object_component>
      <object_component id="oc-a2">
         <name>.debug_info</name>
         <load_address>0x2a0e</load_address>
         <run_address>0x2a0e</run_address>
         <size>0x153</size>
         <input_file_ref idref="fl-c4"/>
      </object_component>
      <object_component id="oc-cc">
         <name>.debug_info</name>
         <load_address>0x2b61</load_address>
         <run_address>0x2b61</run_address>
         <size>0x122</size>
         <input_file_ref idref="fl-c6"/>
      </object_component>
      <object_component id="oc-187">
         <name>.debug_info</name>
         <load_address>0x2c83</load_address>
         <run_address>0x2c83</run_address>
         <size>0x94</size>
      </object_component>
      <object_component id="oc-108">
         <name>.debug_line</name>
         <load_address>0x0</load_address>
         <run_address>0x0</run_address>
         <size>0x20</size>
         <input_file_ref idref="fl-2"/>
      </object_component>
      <object_component id="oc-b2">
         <name>.debug_line</name>
         <load_address>0x20</load_address>
         <run_address>0x20</run_address>
         <size>0x2d</size>
         <input_file_ref idref="fl-2"/>
      </object_component>
      <object_component id="oc-32">
         <name>.debug_line</name>
         <load_address>0x4d</load_address>
         <run_address>0x4d</run_address>
         <size>0x139</size>
         <input_file_ref idref="fl-2"/>
      </object_component>
      <object_component id="oc-7d">
         <name>.debug_line</name>
         <load_address>0x186</load_address>
         <run_address>0x186</run_address>
         <size>0x6f</size>
         <input_file_ref idref="fl-2"/>
      </object_component>
      <object_component id="oc-3f">
         <name>.debug_line</name>
         <load_address>0x1f5</load_address>
         <run_address>0x1f5</run_address>
         <size>0x20</size>
         <input_file_ref idref="fl-2"/>
      </object_component>
      <object_component id="oc-b7">
         <name>.debug_line</name>
         <load_address>0x215</load_address>
         <run_address>0x215</run_address>
         <size>0x73</size>
         <input_file_ref idref="fl-2"/>
      </object_component>
      <object_component id="oc-82">
         <name>.debug_line</name>
         <load_address>0x288</load_address>
         <run_address>0x288</run_address>
         <size>0x70</size>
         <input_file_ref idref="fl-2"/>
      </object_component>
      <object_component id="oc-79">
         <name>.debug_line</name>
         <load_address>0x2f8</load_address>
         <run_address>0x2f8</run_address>
         <size>0x41</size>
         <input_file_ref idref="fl-3"/>
      </object_component>
      <object_component id="oc-34">
         <name>.debug_line</name>
         <load_address>0x339</load_address>
         <run_address>0x339</run_address>
         <size>0x41</size>
         <input_file_ref idref="fl-3"/>
      </object_component>
      <object_component id="oc-2b">
         <name>.debug_line</name>
         <load_address>0x37a</load_address>
         <run_address>0x37a</run_address>
         <size>0xa1</size>
         <input_file_ref idref="fl-3"/>
      </object_component>
      <object_component id="oc-91">
         <name>.debug_line</name>
         <load_address>0x41b</load_address>
         <run_address>0x41b</run_address>
         <size>0x20</size>
         <input_file_ref idref="fl-be"/>
      </object_component>
      <object_component id="oc-20">
         <name>.debug_line</name>
         <load_address>0x43b</load_address>
         <run_address>0x43b</run_address>
         <size>0x55</size>
         <input_file_ref idref="fl-be"/>
      </object_component>
      <object_component id="oc-4a">
         <name>.debug_line</name>
         <load_address>0x490</load_address>
         <run_address>0x490</run_address>
         <size>0x3a</size>
         <input_file_ref idref="fl-be"/>
      </object_component>
      <object_component id="oc-8e">
         <name>.debug_line</name>
         <load_address>0x4ca</load_address>
         <run_address>0x4ca</run_address>
         <size>0x92</size>
         <input_file_ref idref="fl-be"/>
      </object_component>
      <object_component id="oc-bf">
         <name>.debug_line</name>
         <load_address>0x55c</load_address>
         <run_address>0x55c</run_address>
         <size>0x20</size>
         <input_file_ref idref="fl-bf"/>
      </object_component>
      <object_component id="oc-19">
         <name>.debug_line</name>
         <load_address>0x57c</load_address>
         <run_address>0x57c</run_address>
         <size>0xa9</size>
         <input_file_ref idref="fl-bf"/>
      </object_component>
      <object_component id="oc-3a">
         <name>.debug_line</name>
         <load_address>0x625</load_address>
         <run_address>0x625</run_address>
         <size>0x3a</size>
         <input_file_ref idref="fl-bf"/>
      </object_component>
      <object_component id="oc-bc">
         <name>.debug_line</name>
         <load_address>0x65f</load_address>
         <run_address>0x65f</run_address>
         <size>0x9a</size>
         <input_file_ref idref="fl-bf"/>
      </object_component>
      <object_component id="oc-87">
         <name>.debug_line</name>
         <load_address>0x6f9</load_address>
         <run_address>0x6f9</run_address>
         <size>0x96</size>
         <input_file_ref idref="fl-bf"/>
      </object_component>
      <object_component id="oc-72">
         <name>.debug_line</name>
         <load_address>0x78f</load_address>
         <run_address>0x78f</run_address>
         <size>0x33</size>
         <input_file_ref idref="fl-c0"/>
      </object_component>
      <object_component id="oc-64">
         <name>.debug_line</name>
         <load_address>0x7c2</load_address>
         <run_address>0x7c2</run_address>
         <size>0x45</size>
         <input_file_ref idref="fl-c0"/>
      </object_component>
      <object_component id="oc-43">
         <name>.debug_line</name>
         <load_address>0x807</load_address>
         <run_address>0x807</run_address>
         <size>0x88</size>
         <input_file_ref idref="fl-c1"/>
      </object_component>
      <object_component id="oc-138">
         <name>.debug_line</name>
         <load_address>0x88f</load_address>
         <run_address>0x88f</run_address>
         <size>0xbf</size>
         <input_file_ref idref="fl-c3"/>
      </object_component>
      <object_component id="oc-d9">
         <name>.debug_line</name>
         <load_address>0x94e</load_address>
         <run_address>0x94e</run_address>
         <size>0x6f</size>
         <input_file_ref idref="fl-c3"/>
      </object_component>
      <object_component id="oc-13c">
         <name>.debug_line</name>
         <load_address>0x9bd</load_address>
         <run_address>0x9bd</run_address>
         <size>0x2e</size>
         <input_file_ref idref="fl-c3"/>
      </object_component>
      <object_component id="oc-150">
         <name>.debug_line</name>
         <load_address>0x9eb</load_address>
         <run_address>0x9eb</run_address>
         <size>0x9a</size>
         <input_file_ref idref="fl-c3"/>
      </object_component>
      <object_component id="oc-141">
         <name>.debug_line</name>
         <load_address>0xa85</load_address>
         <run_address>0xa85</run_address>
         <size>0x97</size>
         <input_file_ref idref="fl-c3"/>
      </object_component>
      <object_component id="oc-146">
         <name>.debug_line</name>
         <load_address>0xb1c</load_address>
         <run_address>0xb1c</run_address>
         <size>0x93</size>
         <input_file_ref idref="fl-c3"/>
      </object_component>
      <object_component id="oc-a0">
         <name>.debug_line</name>
         <load_address>0xbaf</load_address>
         <run_address>0xbaf</run_address>
         <size>0x40</size>
         <input_file_ref idref="fl-c4"/>
      </object_component>
      <object_component id="oc-ca">
         <name>.debug_line</name>
         <load_address>0xbef</load_address>
         <run_address>0xbef</run_address>
         <size>0x3c</size>
         <input_file_ref idref="fl-c6"/>
      </object_component>
      <object_component id="oc-2e">
         <name>.debug_frame</name>
         <load_address>0x0</load_address>
         <run_address>0x0</run_address>
         <size>0xec</size>
         <input_file_ref idref="fl-2"/>
      </object_component>
      <object_component id="oc-2c">
         <name>.debug_frame</name>
         <load_address>0xec</load_address>
         <run_address>0xec</run_address>
         <size>0x90</size>
         <input_file_ref idref="fl-3"/>
      </object_component>
      <object_component id="oc-1f">
         <name>.debug_frame</name>
         <load_address>0x17c</load_address>
         <run_address>0x17c</run_address>
         <size>0x54</size>
         <input_file_ref idref="fl-be"/>
      </object_component>
      <object_component id="oc-1a">
         <name>.debug_frame</name>
         <load_address>0x1d0</load_address>
         <run_address>0x1d0</run_address>
         <size>0x60</size>
         <input_file_ref idref="fl-bf"/>
      </object_component>
      <object_component id="oc-63">
         <name>.debug_frame</name>
         <load_address>0x230</load_address>
         <run_address>0x230</run_address>
         <size>0x50</size>
         <input_file_ref idref="fl-c0"/>
      </object_component>
      <object_component id="oc-da">
         <name>.debug_frame</name>
         <load_address>0x280</load_address>
         <run_address>0x280</run_address>
         <size>0x5c</size>
         <input_file_ref idref="fl-c3"/>
      </object_component>
      <object_component id="oc-a1">
         <name>.debug_frame</name>
         <load_address>0x2dc</load_address>
         <run_address>0x2dc</run_address>
         <size>0x54</size>
         <input_file_ref idref="fl-c4"/>
      </object_component>
      <object_component id="oc-ce">
         <name>.debug_frame</name>
         <load_address>0x330</load_address>
         <run_address>0x330</run_address>
         <size>0x54</size>
         <input_file_ref idref="fl-c6"/>
      </object_component>
      <object_component id="oc-107">
         <name>.debug_abbrev</name>
         <load_address>0x0</load_address>
         <run_address>0x0</run_address>
         <size>0x2e</size>
         <input_file_ref idref="fl-2"/>
      </object_component>
      <object_component id="oc-b1">
         <name>.debug_abbrev</name>
         <load_address>0x2e</load_address>
         <run_address>0x2e</run_address>
         <size>0x29</size>
         <input_file_ref idref="fl-2"/>
      </object_component>
      <object_component id="oc-77">
         <name>.debug_abbrev</name>
         <load_address>0x57</load_address>
         <run_address>0x57</run_address>
         <size>0x8d</size>
         <input_file_ref idref="fl-2"/>
      </object_component>
      <object_component id="oc-7c">
         <name>.debug_abbrev</name>
         <load_address>0xe4</load_address>
         <run_address>0xe4</run_address>
         <size>0x69</size>
         <input_file_ref idref="fl-2"/>
      </object_component>
      <object_component id="oc-3e">
         <name>.debug_abbrev</name>
         <load_address>0x14d</load_address>
         <run_address>0x14d</run_address>
         <size>0x1f</size>
         <input_file_ref idref="fl-2"/>
      </object_component>
      <object_component id="oc-b6">
         <name>.debug_abbrev</name>
         <load_address>0x16c</load_address>
         <run_address>0x16c</run_address>
         <size>0x5c</size>
         <input_file_ref idref="fl-2"/>
      </object_component>
      <object_component id="oc-81">
         <name>.debug_abbrev</name>
         <load_address>0x1c8</load_address>
         <run_address>0x1c8</run_address>
         <size>0x24</size>
         <input_file_ref idref="fl-2"/>
      </object_component>
      <object_component id="oc-78">
         <name>.debug_abbrev</name>
         <load_address>0x1ec</load_address>
         <run_address>0x1ec</run_address>
         <size>0x7c</size>
         <input_file_ref idref="fl-3"/>
      </object_component>
      <object_component id="oc-33">
         <name>.debug_abbrev</name>
         <load_address>0x268</load_address>
         <run_address>0x268</run_address>
         <size>0x29</size>
         <input_file_ref idref="fl-3"/>
      </object_component>
      <object_component id="oc-73">
         <name>.debug_abbrev</name>
         <load_address>0x291</load_address>
         <run_address>0x291</run_address>
         <size>0x79</size>
         <input_file_ref idref="fl-3"/>
      </object_component>
      <object_component id="oc-90">
         <name>.debug_abbrev</name>
         <load_address>0x30a</load_address>
         <run_address>0x30a</run_address>
         <size>0x37</size>
         <input_file_ref idref="fl-be"/>
      </object_component>
      <object_component id="oc-46">
         <name>.debug_abbrev</name>
         <load_address>0x341</load_address>
         <run_address>0x341</run_address>
         <size>0x74</size>
         <input_file_ref idref="fl-be"/>
      </object_component>
      <object_component id="oc-49">
         <name>.debug_abbrev</name>
         <load_address>0x3b5</load_address>
         <run_address>0x3b5</run_address>
         <size>0x24</size>
         <input_file_ref idref="fl-be"/>
      </object_component>
      <object_component id="oc-8d">
         <name>.debug_abbrev</name>
         <load_address>0x3d9</load_address>
         <run_address>0x3d9</run_address>
         <size>0x24</size>
         <input_file_ref idref="fl-be"/>
      </object_component>
      <object_component id="oc-be">
         <name>.debug_abbrev</name>
         <load_address>0x3fd</load_address>
         <run_address>0x3fd</run_address>
         <size>0x37</size>
         <input_file_ref idref="fl-bf"/>
      </object_component>
      <object_component id="oc-36">
         <name>.debug_abbrev</name>
         <load_address>0x434</load_address>
         <run_address>0x434</run_address>
         <size>0x6f</size>
         <input_file_ref idref="fl-bf"/>
      </object_component>
      <object_component id="oc-39">
         <name>.debug_abbrev</name>
         <load_address>0x4a3</load_address>
         <run_address>0x4a3</run_address>
         <size>0x24</size>
         <input_file_ref idref="fl-bf"/>
      </object_component>
      <object_component id="oc-bb">
         <name>.debug_abbrev</name>
         <load_address>0x4c7</load_address>
         <run_address>0x4c7</run_address>
         <size>0x35</size>
         <input_file_ref idref="fl-bf"/>
      </object_component>
      <object_component id="oc-86">
         <name>.debug_abbrev</name>
         <load_address>0x4fc</load_address>
         <run_address>0x4fc</run_address>
         <size>0x24</size>
         <input_file_ref idref="fl-bf"/>
      </object_component>
      <object_component id="oc-71">
         <name>.debug_abbrev</name>
         <load_address>0x520</load_address>
         <run_address>0x520</run_address>
         <size>0x29</size>
         <input_file_ref idref="fl-c0"/>
      </object_component>
      <object_component id="oc-a8">
         <name>.debug_abbrev</name>
         <load_address>0x549</load_address>
         <run_address>0x549</run_address>
         <size>0x55</size>
         <input_file_ref idref="fl-c0"/>
      </object_component>
      <object_component id="oc-8a">
         <name>.debug_abbrev</name>
         <load_address>0x59e</load_address>
         <run_address>0x59e</run_address>
         <size>0x3e</size>
         <input_file_ref idref="fl-c1"/>
      </object_component>
      <object_component id="oc-137">
         <name>.debug_abbrev</name>
         <load_address>0x5dc</load_address>
         <run_address>0x5dc</run_address>
         <size>0xc0</size>
         <input_file_ref idref="fl-c3"/>
      </object_component>
      <object_component id="oc-113">
         <name>.debug_abbrev</name>
         <load_address>0x69c</load_address>
         <run_address>0x69c</run_address>
         <size>0x7e</size>
         <input_file_ref idref="fl-c3"/>
      </object_component>
      <object_component id="oc-13b">
         <name>.debug_abbrev</name>
         <load_address>0x71a</load_address>
         <run_address>0x71a</run_address>
         <size>0x24</size>
         <input_file_ref idref="fl-c3"/>
      </object_component>
      <object_component id="oc-14f">
         <name>.debug_abbrev</name>
         <load_address>0x73e</load_address>
         <run_address>0x73e</run_address>
         <size>0x24</size>
         <input_file_ref idref="fl-c3"/>
      </object_component>
      <object_component id="oc-140">
         <name>.debug_abbrev</name>
         <load_address>0x762</load_address>
         <run_address>0x762</run_address>
         <size>0x24</size>
         <input_file_ref idref="fl-c3"/>
      </object_component>
      <object_component id="oc-145">
         <name>.debug_abbrev</name>
         <load_address>0x786</load_address>
         <run_address>0x786</run_address>
         <size>0x4b</size>
         <input_file_ref idref="fl-c3"/>
      </object_component>
      <object_component id="oc-c8">
         <name>.debug_abbrev</name>
         <load_address>0x7d1</load_address>
         <run_address>0x7d1</run_address>
         <size>0x55</size>
         <input_file_ref idref="fl-c4"/>
      </object_component>
      <object_component id="oc-109">
         <name>.debug_abbrev</name>
         <load_address>0x826</load_address>
         <run_address>0x826</run_address>
         <size>0x45</size>
         <input_file_ref idref="fl-c6"/>
      </object_component>
      <object_component id="oc-188">
         <name>.debug_abbrev</name>
         <load_address>0x86b</load_address>
         <run_address>0x86b</run_address>
         <size>0xf</size>
      </object_component>
      <object_component id="oc-7e">
         <name>.debug_str</name>
         <load_address>0x0</load_address>
         <run_address>0x0</run_address>
         <size>0x2a5</size>
         <input_file_ref idref="fl-2"/>
      </object_component>
      <object_component id="oc-40">
         <name>.debug_str</name>
         <load_address>0x2a5</load_address>
         <run_address>0x2a5</run_address>
         <size>0xfd</size>
         <input_file_ref idref="fl-2"/>
      </object_component>
      <object_component id="oc-b8">
         <name>.debug_str</name>
         <load_address>0x3a2</load_address>
         <run_address>0x3a2</run_address>
         <size>0x33b</size>
         <input_file_ref idref="fl-2"/>
      </object_component>
      <object_component id="oc-83">
         <name>.debug_str</name>
         <load_address>0x6dd</load_address>
         <run_address>0x6dd</run_address>
         <size>0x13d</size>
         <input_file_ref idref="fl-2"/>
      </object_component>
      <object_component id="oc-4b">
         <name>.debug_str</name>
         <load_address>0x81a</load_address>
         <run_address>0x81a</run_address>
         <size>0x10b</size>
         <input_file_ref idref="fl-be"/>
      </object_component>
      <object_component id="oc-8f">
         <name>.debug_str</name>
         <load_address>0x925</load_address>
         <run_address>0x925</run_address>
         <size>0x140</size>
         <input_file_ref idref="fl-be"/>
      </object_component>
      <object_component id="oc-3b">
         <name>.debug_str</name>
         <load_address>0xa65</load_address>
         <run_address>0xa65</run_address>
         <size>0x118</size>
         <input_file_ref idref="fl-bf"/>
      </object_component>
      <object_component id="oc-bd">
         <name>.debug_str</name>
         <load_address>0xb7d</load_address>
         <run_address>0xb7d</run_address>
         <size>0x16b</size>
         <input_file_ref idref="fl-bf"/>
      </object_component>
      <object_component id="oc-88">
         <name>.debug_str</name>
         <load_address>0xce8</load_address>
         <run_address>0xce8</run_address>
         <size>0x158</size>
         <input_file_ref idref="fl-bf"/>
      </object_component>
      <object_component id="oc-13d">
         <name>.debug_str</name>
         <load_address>0xe40</load_address>
         <run_address>0xe40</run_address>
         <size>0xed</size>
         <input_file_ref idref="fl-c3"/>
      </object_component>
      <object_component id="oc-151">
         <name>.debug_str</name>
         <load_address>0xf2d</load_address>
         <run_address>0xf2d</run_address>
         <size>0x157</size>
         <input_file_ref idref="fl-c3"/>
      </object_component>
      <object_component id="oc-142">
         <name>.debug_str</name>
         <load_address>0x1084</load_address>
         <run_address>0x1084</run_address>
         <size>0x150</size>
         <input_file_ref idref="fl-c3"/>
      </object_component>
      <object_component id="oc-147">
         <name>.debug_str</name>
         <load_address>0x11d4</load_address>
         <run_address>0x11d4</run_address>
         <size>0x197</size>
         <input_file_ref idref="fl-c3"/>
      </object_component>
      <object_component id="oc-31">
         <name>.debug_aranges</name>
         <load_address>0x0</load_address>
         <run_address>0x0</run_address>
         <size>0x58</size>
         <input_file_ref idref="fl-2"/>
      </object_component>
      <object_component id="oc-29">
         <name>.debug_aranges</name>
         <load_address>0x58</load_address>
         <run_address>0x58</run_address>
         <size>0x38</size>
         <input_file_ref idref="fl-3"/>
      </object_component>
      <object_component id="oc-1c">
         <name>.debug_aranges</name>
         <load_address>0x90</load_address>
         <run_address>0x90</run_address>
         <size>0x20</size>
         <input_file_ref idref="fl-be"/>
      </object_component>
      <object_component id="oc-18">
         <name>.debug_aranges</name>
         <load_address>0xb0</load_address>
         <run_address>0xb0</run_address>
         <size>0x20</size>
         <input_file_ref idref="fl-bf"/>
      </object_component>
      <object_component id="oc-62">
         <name>.debug_aranges</name>
         <load_address>0xd0</load_address>
         <run_address>0xd0</run_address>
         <size>0x20</size>
         <input_file_ref idref="fl-c0"/>
      </object_component>
      <object_component id="oc-42">
         <name>.debug_aranges</name>
         <load_address>0xf0</load_address>
         <run_address>0xf0</run_address>
         <size>0x20</size>
         <input_file_ref idref="fl-c1"/>
      </object_component>
      <object_component id="oc-d7">
         <name>.debug_aranges</name>
         <load_address>0x110</load_address>
         <run_address>0x110</run_address>
         <size>0x20</size>
         <input_file_ref idref="fl-c3"/>
      </object_component>
      <object_component id="oc-a4">
         <name>.debug_aranges</name>
         <load_address>0x130</load_address>
         <run_address>0x130</run_address>
         <size>0x20</size>
         <input_file_ref idref="fl-c4"/>
      </object_component>
      <object_component id="oc-cb">
         <name>.debug_aranges</name>
         <load_address>0x150</load_address>
         <run_address>0x150</run_address>
         <size>0x20</size>
         <input_file_ref idref="fl-c6"/>
      </object_component>
      <object_component id="oc-76">
         <name>.debug_pubnames</name>
         <load_address>0x0</load_address>
         <run_address>0x0</run_address>
         <size>0x65</size>
         <input_file_ref idref="fl-2"/>
      </object_component>
      <object_component id="oc-30">
         <name>.debug_pubnames</name>
         <load_address>0x65</load_address>
         <run_address>0x65</run_address>
         <size>0x8f</size>
         <input_file_ref idref="fl-2"/>
      </object_component>
      <object_component id="oc-14">
         <name>.debug_pubnames</name>
         <load_address>0xf4</load_address>
         <run_address>0xf4</run_address>
         <size>0x23</size>
         <input_file_ref idref="fl-3"/>
      </object_component>
      <object_component id="oc-2a">
         <name>.debug_pubnames</name>
         <load_address>0x117</load_address>
         <run_address>0x117</run_address>
         <size>0x4c</size>
         <input_file_ref idref="fl-3"/>
      </object_component>
      <object_component id="oc-1e">
         <name>.debug_pubnames</name>
         <load_address>0x163</load_address>
         <run_address>0x163</run_address>
         <size>0x2b</size>
         <input_file_ref idref="fl-be"/>
      </object_component>
      <object_component id="oc-17">
         <name>.debug_pubnames</name>
         <load_address>0x18e</load_address>
         <run_address>0x18e</run_address>
         <size>0x2b</size>
         <input_file_ref idref="fl-bf"/>
      </object_component>
      <object_component id="oc-26">
         <name>.debug_pubnames</name>
         <load_address>0x1b9</load_address>
         <run_address>0x1b9</run_address>
         <size>0x1e</size>
         <input_file_ref idref="fl-c0"/>
      </object_component>
      <object_component id="oc-61">
         <name>.debug_pubnames</name>
         <load_address>0x1d7</load_address>
         <run_address>0x1d7</run_address>
         <size>0x26</size>
         <input_file_ref idref="fl-c0"/>
      </object_component>
      <object_component id="oc-45">
         <name>.debug_pubnames</name>
         <load_address>0x1fd</load_address>
         <run_address>0x1fd</run_address>
         <size>0x1d</size>
         <input_file_ref idref="fl-c1"/>
      </object_component>
      <object_component id="oc-d8">
         <name>.debug_pubnames</name>
         <load_address>0x21a</load_address>
         <run_address>0x21a</run_address>
         <size>0x35</size>
         <input_file_ref idref="fl-c3"/>
      </object_component>
      <object_component id="oc-a3">
         <name>.debug_pubnames</name>
         <load_address>0x24f</load_address>
         <run_address>0x24f</run_address>
         <size>0x27</size>
         <input_file_ref idref="fl-c4"/>
      </object_component>
      <object_component id="oc-cd">
         <name>.debug_pubnames</name>
         <load_address>0x276</load_address>
         <run_address>0x276</run_address>
         <size>0x1c</size>
         <input_file_ref idref="fl-c6"/>
      </object_component>
      <object_component id="oc-7b">
         <name>.debug_pubtypes</name>
         <load_address>0x0</load_address>
         <run_address>0x0</run_address>
         <size>0x25c</size>
         <input_file_ref idref="fl-2"/>
      </object_component>
      <object_component id="oc-3d">
         <name>.debug_pubtypes</name>
         <load_address>0x25c</load_address>
         <run_address>0x25c</run_address>
         <size>0xed</size>
         <input_file_ref idref="fl-2"/>
      </object_component>
      <object_component id="oc-b5">
         <name>.debug_pubtypes</name>
         <load_address>0x349</load_address>
         <run_address>0x349</run_address>
         <size>0x330</size>
         <input_file_ref idref="fl-2"/>
      </object_component>
      <object_component id="oc-80">
         <name>.debug_pubtypes</name>
         <load_address>0x679</load_address>
         <run_address>0x679</run_address>
         <size>0xaa</size>
         <input_file_ref idref="fl-2"/>
      </object_component>
      <object_component id="oc-48">
         <name>.debug_pubtypes</name>
         <load_address>0x723</load_address>
         <run_address>0x723</run_address>
         <size>0x48</size>
         <input_file_ref idref="fl-be"/>
      </object_component>
      <object_component id="oc-8c">
         <name>.debug_pubtypes</name>
         <load_address>0x76b</load_address>
         <run_address>0x76b</run_address>
         <size>0x1d</size>
         <input_file_ref idref="fl-be"/>
      </object_component>
      <object_component id="oc-38">
         <name>.debug_pubtypes</name>
         <load_address>0x788</load_address>
         <run_address>0x788</run_address>
         <size>0x5d</size>
         <input_file_ref idref="fl-bf"/>
      </object_component>
      <object_component id="oc-ba">
         <name>.debug_pubtypes</name>
         <load_address>0x7e5</load_address>
         <run_address>0x7e5</run_address>
         <size>0x48</size>
         <input_file_ref idref="fl-bf"/>
      </object_component>
      <object_component id="oc-85">
         <name>.debug_pubtypes</name>
         <load_address>0x82d</load_address>
         <run_address>0x82d</run_address>
         <size>0x35</size>
         <input_file_ref idref="fl-bf"/>
      </object_component>
      <object_component id="oc-13a">
         <name>.debug_pubtypes</name>
         <load_address>0x862</load_address>
         <run_address>0x862</run_address>
         <size>0x32</size>
         <input_file_ref idref="fl-c3"/>
      </object_component>
      <object_component id="oc-14e">
         <name>.debug_pubtypes</name>
         <load_address>0x894</load_address>
         <run_address>0x894</run_address>
         <size>0x30</size>
         <input_file_ref idref="fl-c3"/>
      </object_component>
      <object_component id="oc-13f">
         <name>.debug_pubtypes</name>
         <load_address>0x8c4</load_address>
         <run_address>0x8c4</run_address>
         <size>0x2c</size>
         <input_file_ref idref="fl-c3"/>
      </object_component>
      <object_component id="oc-144">
         <name>.debug_pubtypes</name>
         <load_address>0x8f0</load_address>
         <run_address>0x8f0</run_address>
         <size>0x50</size>
         <input_file_ref idref="fl-c3"/>
      </object_component>
   </object_component_list>
   <logical_group_list>
      <logical_group id="lg-3" display="no" color="cyan">
         <name>.intvecs</name>
         <load_address>0x0</load_address>
         <run_address>0x0</run_address>
         <size>0x26c</size>
         <contents>
            <object_component_ref idref="oc-12"/>
         </contents>
      </logical_group>
      <logical_group id="lg-4" display="no" color="cyan">
         <name>.text</name>
         <load_address>0x26c</load_address>
         <run_address>0x26c</run_address>
         <size>0x3b6</size>
         <contents>
            <object_component_ref idref="oc-2d"/>
            <object_component_ref idref="oc-41"/>
            <object_component_ref idref="oc-15"/>
            <object_component_ref idref="oc-d5"/>
            <object_component_ref idref="oc-5f"/>
            <object_component_ref idref="oc-1b"/>
            <object_component_ref idref="oc-27"/>
            <object_component_ref idref="oc-9f"/>
            <object_component_ref idref="oc-c9"/>
         </contents>
      </logical_group>
      <logical_group id="lg-5" display="no" color="cyan">
         <name>.const</name>
         <run_address>0x0</run_address>
         <size>0x0</size>
         <contents>
         </contents>
      </logical_group>
      <logical_group id="lg-6" display="no" color="cyan">
         <name>.cinit</name>
         <load_address>0x628</load_address>
         <run_address>0x628</run_address>
         <size>0x24</size>
         <contents>
            <object_component_ref idref="oc-184"/>
            <object_component_ref idref="oc-182"/>
            <object_component_ref idref="oc-183"/>
         </contents>
      </logical_group>
      <logical_group id="lg-7" display="no" color="cyan">
         <name>.pinit</name>
         <run_address>0x0</run_address>
         <size>0x0</size>
         <contents>
         </contents>
      </logical_group>
      <logical_group id="lg-8" display="no" color="cyan">
         <name>.init_array</name>
         <run_address>0x0</run_address>
         <size>0x0</size>
         <contents>
         </contents>
      </logical_group>
      <logical_group id="lg-9" display="no" color="cyan">
         <name>.vtable</name>
         <run_address>0x0</run_address>
         <size>0x0</size>
         <contents>
         </contents>
      </logical_group>
      <logical_group id="lg-a" display="no" color="cyan">
         <name>.data</name>
         <run_address>0x20000200</run_address>
         <size>0x18</size>
         <contents>
            <object_component_ref idref="oc-74"/>
         </contents>
      </logical_group>
      <logical_group id="lg-b" display="no" color="cyan">
         <name>.bss</name>
         <run_address>0x0</run_address>
         <size>0x0</size>
         <contents>
         </contents>
      </logical_group>
      <logical_group id="lg-c" display="no" color="cyan">
         <name>.sysmem</name>
         <run_address>0x0</run_address>
         <size>0x0</size>
         <contents>
         </contents>
      </logical_group>
      <logical_group id="lg-d" display="no" color="cyan">
         <name>.stack</name>
         <run_address>0x20000000</run_address>
         <size>0x200</size>
         <contents>
            <object_component_ref idref="oc-24"/>
            <object_component_ref idref="oc-186"/>
         </contents>
      </logical_group>
      <logical_group id="lg-159" display="no" color="cyan">
         <name>.TI.noinit</name>
         <run_address>0x0</run_address>
         <size>0x0</size>
         <contents>
         </contents>
      </logical_group>
      <logical_group id="lg-15a" display="no" color="cyan">
         <name>.TI.persistent</name>
         <run_address>0x0</run_address>
         <size>0x0</size>
         <contents>
         </contents>
      </logical_group>
      <logical_group id="lg-15b" display="no" color="cyan">
         <name>__llvm_prf_cnts</name>
         <run_address>0x20000000</run_address>
         <size>0x0</size>
         <contents>
         </contents>
      </logical_group>
      <logical_group id="lg-16a" display="never" color="cyan">
         <name>.debug_info</name>
         <load_address>0x0</load_address>
         <run_address>0x0</run_address>
         <size>0x2d17</size>
         <contents>
            <object_component_ref idref="oc-b3"/>
            <object_component_ref idref="oc-75"/>
            <object_component_ref idref="oc-2f"/>
            <object_component_ref idref="oc-7a"/>
            <object_component_ref idref="oc-3c"/>
            <object_component_ref idref="oc-b4"/>
            <object_component_ref idref="oc-7f"/>
            <object_component_ref idref="oc-35"/>
            <object_component_ref idref="oc-13"/>
            <object_component_ref idref="oc-28"/>
            <object_component_ref idref="oc-4c"/>
            <object_component_ref idref="oc-1d"/>
            <object_component_ref idref="oc-47"/>
            <object_component_ref idref="oc-8b"/>
            <object_component_ref idref="oc-89"/>
            <object_component_ref idref="oc-16"/>
            <object_component_ref idref="oc-37"/>
            <object_component_ref idref="oc-b9"/>
            <object_component_ref idref="oc-84"/>
            <object_component_ref idref="oc-25"/>
            <object_component_ref idref="oc-60"/>
            <object_component_ref idref="oc-44"/>
            <object_component_ref idref="oc-114"/>
            <object_component_ref idref="oc-d6"/>
            <object_component_ref idref="oc-139"/>
            <object_component_ref idref="oc-14d"/>
            <object_component_ref idref="oc-13e"/>
            <object_component_ref idref="oc-143"/>
            <object_component_ref idref="oc-a2"/>
            <object_component_ref idref="oc-cc"/>
            <object_component_ref idref="oc-187"/>
         </contents>
      </logical_group>
      <logical_group id="lg-16c" display="never" color="cyan">
         <name>.debug_line</name>
         <load_address>0x0</load_address>
         <run_address>0x0</run_address>
         <size>0xc2b</size>
         <contents>
            <object_component_ref idref="oc-108"/>
            <object_component_ref idref="oc-b2"/>
            <object_component_ref idref="oc-32"/>
            <object_component_ref idref="oc-7d"/>
            <object_component_ref idref="oc-3f"/>
            <object_component_ref idref="oc-b7"/>
            <object_component_ref idref="oc-82"/>
            <object_component_ref idref="oc-79"/>
            <object_component_ref idref="oc-34"/>
            <object_component_ref idref="oc-2b"/>
            <object_component_ref idref="oc-91"/>
            <object_component_ref idref="oc-20"/>
            <object_component_ref idref="oc-4a"/>
            <object_component_ref idref="oc-8e"/>
            <object_component_ref idref="oc-bf"/>
            <object_component_ref idref="oc-19"/>
            <object_component_ref idref="oc-3a"/>
            <object_component_ref idref="oc-bc"/>
            <object_component_ref idref="oc-87"/>
            <object_component_ref idref="oc-72"/>
            <object_component_ref idref="oc-64"/>
            <object_component_ref idref="oc-43"/>
            <object_component_ref idref="oc-138"/>
            <object_component_ref idref="oc-d9"/>
            <object_component_ref idref="oc-13c"/>
            <object_component_ref idref="oc-150"/>
            <object_component_ref idref="oc-141"/>
            <object_component_ref idref="oc-146"/>
            <object_component_ref idref="oc-a0"/>
            <object_component_ref idref="oc-ca"/>
         </contents>
      </logical_group>
      <logical_group id="lg-16e" display="never" color="cyan">
         <name>.debug_frame</name>
         <load_address>0x0</load_address>
         <run_address>0x0</run_address>
         <size>0x384</size>
         <contents>
            <object_component_ref idref="oc-2e"/>
            <object_component_ref idref="oc-2c"/>
            <object_component_ref idref="oc-1f"/>
            <object_component_ref idref="oc-1a"/>
            <object_component_ref idref="oc-63"/>
            <object_component_ref idref="oc-da"/>
            <object_component_ref idref="oc-a1"/>
            <object_component_ref idref="oc-ce"/>
         </contents>
      </logical_group>
      <logical_group id="lg-170" display="never" color="cyan">
         <name>.debug_abbrev</name>
         <load_address>0x0</load_address>
         <run_address>0x0</run_address>
         <size>0x87a</size>
         <contents>
            <object_component_ref idref="oc-107"/>
            <object_component_ref idref="oc-b1"/>
            <object_component_ref idref="oc-77"/>
            <object_component_ref idref="oc-7c"/>
            <object_component_ref idref="oc-3e"/>
            <object_component_ref idref="oc-b6"/>
            <object_component_ref idref="oc-81"/>
            <object_component_ref idref="oc-78"/>
            <object_component_ref idref="oc-33"/>
            <object_component_ref idref="oc-73"/>
            <object_component_ref idref="oc-90"/>
            <object_component_ref idref="oc-46"/>
            <object_component_ref idref="oc-49"/>
            <object_component_ref idref="oc-8d"/>
            <object_component_ref idref="oc-be"/>
            <object_component_ref idref="oc-36"/>
            <object_component_ref idref="oc-39"/>
            <object_component_ref idref="oc-bb"/>
            <object_component_ref idref="oc-86"/>
            <object_component_ref idref="oc-71"/>
            <object_component_ref idref="oc-a8"/>
            <object_component_ref idref="oc-8a"/>
            <object_component_ref idref="oc-137"/>
            <object_component_ref idref="oc-113"/>
            <object_component_ref idref="oc-13b"/>
            <object_component_ref idref="oc-14f"/>
            <object_component_ref idref="oc-140"/>
            <object_component_ref idref="oc-145"/>
            <object_component_ref idref="oc-c8"/>
            <object_component_ref idref="oc-109"/>
            <object_component_ref idref="oc-188"/>
         </contents>
      </logical_group>
      <logical_group id="lg-172" display="never" color="cyan">
         <name>.debug_str</name>
         <load_address>0x0</load_address>
         <run_address>0x0</run_address>
         <size>0x136b</size>
         <contents>
            <object_component_ref idref="oc-7e"/>
            <object_component_ref idref="oc-40"/>
            <object_component_ref idref="oc-b8"/>
            <object_component_ref idref="oc-83"/>
            <object_component_ref idref="oc-4b"/>
            <object_component_ref idref="oc-8f"/>
            <object_component_ref idref="oc-3b"/>
            <object_component_ref idref="oc-bd"/>
            <object_component_ref idref="oc-88"/>
            <object_component_ref idref="oc-13d"/>
            <object_component_ref idref="oc-151"/>
            <object_component_ref idref="oc-142"/>
            <object_component_ref idref="oc-147"/>
         </contents>
      </logical_group>
      <logical_group id="lg-174" display="never" color="cyan">
         <name>.debug_aranges</name>
         <load_address>0x0</load_address>
         <run_address>0x0</run_address>
         <size>0x170</size>
         <contents>
            <object_component_ref idref="oc-31"/>
            <object_component_ref idref="oc-29"/>
            <object_component_ref idref="oc-1c"/>
            <object_component_ref idref="oc-18"/>
            <object_component_ref idref="oc-62"/>
            <object_component_ref idref="oc-42"/>
            <object_component_ref idref="oc-d7"/>
            <object_component_ref idref="oc-a4"/>
            <object_component_ref idref="oc-cb"/>
         </contents>
      </logical_group>
      <logical_group id="lg-176" display="never" color="cyan">
         <name>.debug_pubnames</name>
         <load_address>0x0</load_address>
         <run_address>0x0</run_address>
         <size>0x292</size>
         <contents>
            <object_component_ref idref="oc-76"/>
            <object_component_ref idref="oc-30"/>
            <object_component_ref idref="oc-14"/>
            <object_component_ref idref="oc-2a"/>
            <object_component_ref idref="oc-1e"/>
            <object_component_ref idref="oc-17"/>
            <object_component_ref idref="oc-26"/>
            <object_component_ref idref="oc-61"/>
            <object_component_ref idref="oc-45"/>
            <object_component_ref idref="oc-d8"/>
            <object_component_ref idref="oc-a3"/>
            <object_component_ref idref="oc-cd"/>
         </contents>
      </logical_group>
      <logical_group id="lg-178" display="never" color="cyan">
         <name>.debug_pubtypes</name>
         <load_address>0x0</load_address>
         <run_address>0x0</run_address>
         <size>0x940</size>
         <contents>
            <object_component_ref idref="oc-7b"/>
            <object_component_ref idref="oc-3d"/>
            <object_component_ref idref="oc-b5"/>
            <object_component_ref idref="oc-80"/>
            <object_component_ref idref="oc-48"/>
            <object_component_ref idref="oc-8c"/>
            <object_component_ref idref="oc-38"/>
            <object_component_ref idref="oc-ba"/>
            <object_component_ref idref="oc-85"/>
            <object_component_ref idref="oc-13a"/>
            <object_component_ref idref="oc-14e"/>
            <object_component_ref idref="oc-13f"/>
            <object_component_ref idref="oc-144"/>
         </contents>
      </logical_group>
      <logical_group id="lg-185" display="no" color="cyan">
         <name>Veneer$$CMSE</name>
         <run_address>0x0</run_address>
         <size>0x0</size>
         <contents>
         </contents>
      </logical_group>
      <load_segment id="lg-18a" display="no" color="cyan">
         <name>SEGMENT_0</name>
         <load_address>0x0</load_address>
         <run_address>0x0</run_address>
         <size>0x64c</size>
         <flags>0x5</flags>
         <contents>
            <logical_group_ref idref="lg-3"/>
            <logical_group_ref idref="lg-4"/>
            <logical_group_ref idref="lg-6"/>
         </contents>
      </load_segment>
      <load_segment id="lg-18b" display="no" color="cyan">
         <name>SEGMENT_1</name>
         <run_address>0x20000000</run_address>
         <size>0x218</size>
         <flags>0x6</flags>
         <contents>
            <logical_group_ref idref="lg-d"/>
            <logical_group_ref idref="lg-a"/>
         </contents>
      </load_segment>
   </logical_group_list>
   <placement_map>
      <memory_area display="yes" color="green">
         <name>FLASH</name>
         <page_id>0x0</page_id>
         <origin>0x0</origin>
         <length>0x40000</length>
         <used_space>0x646</used_space>
         <unused_space>0x3f9ba</unused_space>
         <attributes>RX</attributes>
         <usage_details>
            <allocated_space>
               <start_address>0x0</start_address>
               <size>0x26c</size>
               <logical_group_ref idref="lg-3"/>
            </allocated_space>
            <allocated_space>
               <start_address>0x26c</start_address>
               <size>0x3b6</size>
               <logical_group_ref idref="lg-4"/>
            </allocated_space>
            <available_space>
               <start_address>0x622</start_address>
               <size>0x6</size>
            </available_space>
            <allocated_space>
               <start_address>0x628</start_address>
               <size>0x24</size>
               <logical_group_ref idref="lg-6"/>
            </allocated_space>
            <available_space>
               <start_address>0x64c</start_address>
               <size>0x3f9b4</size>
            </available_space>
         </usage_details>
      </memory_area>
      <memory_area display="yes" color="green">
         <name>SRAM</name>
         <page_id>0x0</page_id>
         <origin>0x20000000</origin>
         <length>0x8000</length>
         <used_space>0x218</used_space>
         <unused_space>0x7de8</unused_space>
         <attributes>RWX</attributes>
         <usage_details>
            <allocated_space>
               <start_address>0x20000000</start_address>
               <size>0x0</size>
               <logical_group_ref idref="lg-15b"/>
            </allocated_space>
            <allocated_space>
               <start_address>0x20000000</start_address>
               <size>0x200</size>
               <logical_group_ref idref="lg-d"/>
            </allocated_space>
            <allocated_space>
               <start_address>0x20000200</start_address>
               <size>0x18</size>
               <logical_group_ref idref="lg-a"/>
            </allocated_space>
            <available_space>
               <start_address>0x20000218</start_address>
               <size>0x7de8</size>
            </available_space>
         </usage_details>
      </memory_area>
   </placement_map>
   <cptbl_list>
      <cptbl>
         <name>__TI_cinit_table</name>
         <cprec>
            <name>.data</name>
            <load_address>0x628</load_address>
            <load_size>0x11</load_size>
            <run_address>0x20000200</run_address>
            <run_size>0x18</run_size>
            <compression>lzss</compression>
         </cprec>
      </cptbl>
   </cptbl_list>
   <handler_table>
      <handler_table_name>__TI_handler_table</handler_table_name>
      <handler>
         <index>0x0</index>
         <name>__TI_decompress_lzss</name>
      </handler>
      <handler>
         <index>0x1</index>
         <name>__TI_decompress_none</name>
      </handler>
   </handler_table>
   <symbol_table>
      <symbol id="sm-1">
         <name>__STACK_TOP</name>
         <value>0x20000200</value>
      </symbol>
      <symbol id="sm-2">
         <name>__start___llvm_prf_cnts</name>
         <value>0x20000000</value>
      </symbol>
      <symbol id="sm-3">
         <name>__stop___llvm_prf_cnts</name>
         <value>0x20000000</value>
      </symbol>
      <symbol id="sm-4">
         <name>__TI_CINIT_Base</name>
         <value>0x644</value>
      </symbol>
      <symbol id="sm-5">
         <name>__TI_CINIT_Limit</name>
         <value>0x64c</value>
      </symbol>
      <symbol id="sm-6">
         <name>__TI_Handler_Table_Base</name>
         <value>0x63c</value>
      </symbol>
      <symbol id="sm-7">
         <name>__TI_Handler_Table_Limit</name>
         <value>0x644</value>
      </symbol>
      <symbol id="sm-8">
         <name>binit</name>
         <value>0xffffffff</value>
      </symbol>
      <symbol id="sm-9">
         <name>__binit__</name>
         <value>0xffffffff</value>
      </symbol>
      <symbol id="sm-a">
         <name>__STACK_SIZE</name>
         <value>0x200</value>
      </symbol>
      <symbol id="sm-b">
         <name>__STACK_END</name>
         <value>0x20000200</value>
      </symbol>
      <symbol id="sm-c">
         <name>__c_args__</name>
         <value>0xffffffff</value>
      </symbol>
      <symbol id="sm-d">
         <name>__TI_pprof_out_hndl</name>
         <value>0xffffffff</value>
      </symbol>
      <symbol id="sm-e">
         <name>__TI_prof_data_start</name>
         <value>0xffffffff</value>
      </symbol>
      <symbol id="sm-f">
         <name>__TI_prof_data_size</name>
         <value>0xffffffff</value>
      </symbol>
      <symbol id="sm-79">
         <name>GPIOF_Handler</name>
         <value>0x357</value>
         <object_component_ref idref="oc-2d"/>
      </symbol>
      <symbol id="sm-7a">
         <name>SysTick_Handler</name>
         <value>0x399</value>
         <object_component_ref idref="oc-2d"/>
      </symbol>
      <symbol id="sm-7b">
         <name>hours</name>
         <value>0x20000210</value>
         <object_component_ref idref="oc-74"/>
      </symbol>
      <symbol id="sm-7c">
         <name>minutes</name>
         <value>0x2000020c</value>
         <object_component_ref idref="oc-74"/>
      </symbol>
      <symbol id="sm-7d">
         <name>main</name>
         <value>0x40f</value>
         <object_component_ref idref="oc-2d"/>
      </symbol>
      <symbol id="sm-7e">
         <name>ControlLED</name>
         <value>0x325</value>
         <object_component_ref idref="oc-2d"/>
      </symbol>
      <symbol id="sm-7f">
         <name>countdown_value</name>
         <value>0x20000200</value>
         <object_component_ref idref="oc-74"/>
      </symbol>
      <symbol id="sm-80">
         <name>milliseconds</name>
         <value>0x20000214</value>
         <object_component_ref idref="oc-74"/>
      </symbol>
      <symbol id="sm-81">
         <name>LED_Init</name>
         <value>0x2fb</value>
         <object_component_ref idref="oc-2d"/>
      </symbol>
      <symbol id="sm-82">
         <name>running</name>
         <value>0x20000204</value>
         <object_component_ref idref="oc-74"/>
      </symbol>
      <symbol id="sm-83">
         <name>seconds</name>
         <value>0x20000208</value>
         <object_component_ref idref="oc-74"/>
      </symbol>
      <symbol id="sm-84">
         <name>Buttons_Init</name>
         <value>0x289</value>
         <object_component_ref idref="oc-2d"/>
      </symbol>
      <symbol id="sm-85">
         <name>SysTick_Init</name>
         <value>0x26d</value>
         <object_component_ref idref="oc-2d"/>
      </symbol>
      <symbol id="sm-86">
         <name>DisplayTime</name>
         <value>0x3c1</value>
         <object_component_ref idref="oc-2d"/>
      </symbol>
      <symbol id="sm-a2">
         <name>ResetISR</name>
         <value>0x60f</value>
         <object_component_ref idref="oc-27"/>
      </symbol>
      <symbol id="sm-a3">
         <name>g_pfnVectors</name>
         <value>0x0</value>
         <object_component_ref idref="oc-12"/>
      </symbol>
      <symbol id="sm-bb">
         <name>__TI_decompress_none</name>
         <value>0x601</value>
         <object_component_ref idref="oc-1b"/>
      </symbol>
      <symbol id="sm-de">
         <name>__TI_decompress_lzss</name>
         <value>0x521</value>
         <object_component_ref idref="oc-15"/>
      </symbol>
      <symbol id="sm-f1">
         <name>__stack</name>
         <value>0x20000000</value>
         <object_component_ref idref="oc-24"/>
      </symbol>
      <symbol id="sm-f2">
         <name>_c_int00_noargs</name>
         <value>0x5cd</value>
         <object_component_ref idref="oc-5f"/>
      </symbol>
      <symbol id="sm-10d">
         <name>memcpy</name>
         <value>0x485</value>
         <object_component_ref idref="oc-41"/>
      </symbol>
      <symbol id="sm-10e">
         <name>__aeabi_memcpy</name>
         <value>0x485</value>
         <object_component_ref idref="oc-41"/>
      </symbol>
      <symbol id="sm-10f">
         <name>__aeabi_memcpy8</name>
         <value>0x485</value>
         <object_component_ref idref="oc-41"/>
      </symbol>
      <symbol id="sm-110">
         <name>__aeabi_memcpy4</name>
         <value>0x485</value>
         <object_component_ref idref="oc-41"/>
      </symbol>
      <symbol id="sm-139">
         <name>__TI_auto_init_nobinit_nopinit</name>
         <value>0x589</value>
         <object_component_ref idref="oc-d5"/>
      </symbol>
      <symbol id="sm-143">
         <name>_system_pre_init</name>
         <value>0x61b</value>
         <object_component_ref idref="oc-9f"/>
      </symbol>
      <symbol id="sm-14f">
         <name>C$$EXIT</name>
         <value>0x61f</value>
         <object_component_ref idref="oc-c9"/>
      </symbol>
      <symbol id="sm-150">
         <name>abort</name>
         <value>0x61f</value>
         <object_component_ref idref="oc-c9"/>
      </symbol>
      <symbol id="sm-153">
         <name>__TI_static_base__</name>
         <value>0x0</value>
      </symbol>
      <symbol id="sm-156">
         <name>__mpu_init</name>
         <value>0x0</value>
      </symbol>
      <symbol id="sm-157">
         <name>_system_post_cinit</name>
         <value>0x0</value>
      </symbol>
   </symbol_table>
   <title>Link successful</title>
</link_info>
